{"cameraMode":{"drawMode":0,"name":"Shaded","section":"Shading Mode"},"sceneLighting":false,"audioPlay":false,"sceneViewState":{"showFog":true,"showMaterialUpdate":false,"showSkybox":false,"showFlares":true,"showImageEffects":true,"showParticleSystems":true,"showVisualEffectGraphs":true,"m_FxEnabled":true},"in2DMode":false,"pivot":{"x":-0.0657576322555542,"y":1.5232291221618653,"z":-0.10177278518676758},"rotation":{"x":0.012038652785122395,"y":0.9299963116645813,"z":-0.36955511569976809,"w":0.022640198469161989},"size":6.604240894317627,"orthographic":false}