{"cameraMode":{"drawMode":0,"name":"Shaded","section":"Shading Mode"},"sceneLighting":false,"audioPlay":false,"sceneViewState":{"showFog":true,"showMaterialUpdate":false,"showSkybox":true,"showFlares":true,"showImageEffects":true,"showParticleSystems":true,"showVisualEffectGraphs":true,"m_FxEnabled":true},"in2DMode":false,"pivot":{"x":-277.96575927734377,"y":0.010257959365844727,"z":237.01889038085938},"rotation":{"x":0.32243502140045168,"y":-0.6333877444267273,"z":0.3363816440105438,"w":0.6184546947479248},"size":18.780492782592775,"orthographic":false}