{"cameraMode":{"drawMode":0,"name":"Shaded","section":"Shading Mode"},"sceneLighting":false,"audioPlay":false,"sceneViewState":{"showFog":true,"showMaterialUpdate":false,"showSkybox":true,"showFlares":true,"showImageEffects":true,"showParticleSystems":true,"showVisualEffectGraphs":true,"m_FxEnabled":true},"in2DMode":false,"pivot":{"x":-140.18765258789063,"y":9.235713005065918,"z":-5.044401168823242},"rotation":{"x":0.0004913678276352584,"y":-0.9996564388275147,"z":0.00033489297493360937,"w":-0.03645506128668785},"size":1.2706613540649415,"orthographic":false}