{"cameraMode":{"drawMode":0,"name":"Shaded","section":"Shading Mode"},"sceneLighting":false,"audioPlay":false,"sceneViewState":{"showFog":true,"showMaterialUpdate":false,"showSkybox":false,"showFlares":true,"showImageEffects":true,"showParticleSystems":true,"showVisualEffectGraphs":true,"m_FxEnabled":true},"in2DMode":false,"pivot":{"x":0.13580012321472169,"y":-0.8161971569061279,"z":0.6341102123260498},"rotation":{"x":0.012038652785122395,"y":0.9299963116645813,"z":-0.36955511569976809,"w":0.022640198469161989},"size":2.6029891967773439,"orthographic":false}