{"cameraMode":{"drawMode":0,"name":"Shaded","section":"Shading Mode"},"sceneLighting":false,"audioPlay":false,"sceneViewState":{"showFog":true,"showMaterialUpdate":false,"showSkybox":false,"showFlares":true,"showImageEffects":true,"showParticleSystems":true,"showVisualEffectGraphs":true,"m_FxEnabled":true},"in2DMode":false,"pivot":{"x":-23.396270751953126,"y":4.1169281005859379,"z":12.757123947143555},"rotation":{"x":0.001965760253369808,"y":0.737271249294281,"z":0.0018484422471374274,"w":-0.6757668256759644},"size":3.2807505130767824,"orthographic":false}