{"cameraMode":{"drawMode":0,"name":"Shaded","section":"Shading Mode"},"sceneLighting":false,"audioPlay":false,"sceneViewState":{"showFog":true,"showMaterialUpdate":false,"showSkybox":false,"showFlares":true,"showImageEffects":true,"showParticleSystems":true,"showVisualEffectGraphs":true,"m_FxEnabled":true},"in2DMode":false,"pivot":{"x":-158.4892120361328,"y":6.575449466705322,"z":2.8535635471343996},"rotation":{"x":0.03476548567414284,"y":0.055185526609420779,"z":-0.0017365891253575683,"w":0.9980581998825073},"size":1.2308120727539063,"orthographic":false}