{"cameraMode":{"drawMode":0,"name":"Shaded","section":"Shading Mode"},"sceneLighting":false,"audioPlay":false,"sceneViewState":{"showFog":true,"showMaterialUpdate":false,"showSkybox":false,"showFlares":true,"showImageEffects":true,"showParticleSystems":true,"showVisualEffectGraphs":true,"m_FxEnabled":true},"in2DMode":false,"pivot":{"x":-158.42958068847657,"y":21.293283462524415,"z":7.748383522033691},"rotation":{"x":0.02278268150985241,"y":-0.04224993288516998,"z":0.0011540355626493693,"w":0.9990365505218506},"size":6.57071590423584,"orthographic":false}