{"cameraMode":{"drawMode":0,"name":"Shaded","section":"Shading Mode"},"sceneLighting":false,"audioPlay":false,"sceneViewState":{"showFog":true,"showMaterialUpdate":false,"showSkybox":false,"showFlares":true,"showImageEffects":true,"showParticleSystems":true,"showVisualEffectGraphs":true,"m_FxEnabled":true},"in2DMode":false,"pivot":{"x":-126.50271606445313,"y":1.7792037725448609,"z":197.73635864257813},"rotation":{"x":0.13567952811717988,"y":-0.07320044934749603,"z":0.01091015711426735,"w":0.9882679581642151},"size":1.6892976760864258,"orthographic":false}