{"cameraMode":{"drawMode":0,"name":"Shaded","section":"Shading Mode"},"sceneLighting":false,"audioPlay":false,"sceneViewState":{"showFog":true,"showMaterialUpdate":false,"showSkybox":false,"showFlares":true,"showImageEffects":true,"showParticleSystems":true,"showVisualEffectGraphs":true,"m_FxEnabled":true},"in2DMode":false,"pivot":{"x":-0.4188227653503418,"y":0.5069915056228638,"z":-0.02741217613220215},"rotation":{"x":0.09657370299100876,"y":-0.36069154739379885,"z":0.03758259862661362,"w":0.9269896745681763},"size":1.8901596069335938,"orthographic":false}