{"cameraMode":{"drawMode":0,"name":"Shaded","section":"Shading Mode"},"sceneLighting":false,"audioPlay":false,"sceneViewState":{"showFog":true,"showMaterialUpdate":false,"showSkybox":false,"showFlares":true,"showImageEffects":true,"showParticleSystems":true,"showVisualEffectGraphs":true,"m_FxEnabled":true},"in2DMode":false,"pivot":{"x":-0.42978745698928835,"y":0.6853768229484558,"z":-0.23329699039459229},"rotation":{"x":0.16305534541606904,"y":-0.25918370485305788,"z":0.04445069655776024,"w":0.9510073065757752},"size":0.9064115881919861,"orthographic":false}