{"cameraMode":{"drawMode":0,"name":"Shaded","section":"Shading Mode"},"sceneLighting":false,"audioPlay":false,"sceneViewState":{"showFog":true,"showMaterialUpdate":false,"showSkybox":false,"showFlares":true,"showImageEffects":true,"showParticleSystems":true,"showVisualEffectGraphs":true,"m_FxEnabled":true},"in2DMode":false,"pivot":{"x":-20.610000610351564,"y":2.2029995918273927,"z":12.359999656677246},"rotation":{"x":-0.029276199638843538,"y":-0.9707261919975281,"z":0.18294034898281098,"w":-0.15409234166145326},"size":2.0434353351593019,"orthographic":false}