{"cameraMode":{"drawMode":0,"name":"Shaded","section":"Shading Mode"},"sceneLighting":false,"audioPlay":false,"sceneViewState":{"showFog":true,"showMaterialUpdate":false,"showSkybox":false,"showFlares":true,"showImageEffects":true,"showParticleSystems":true,"showVisualEffectGraphs":true,"m_FxEnabled":true},"in2DMode":false,"pivot":{"x":-17.530000686645509,"y":1.227579951286316,"z":-1.2599999904632569},"rotation":{"x":0.009175396524369717,"y":-0.9428808093070984,"z":0.3325146734714508,"w":0.02986820787191391},"size":0.7084242701530457,"orthographic":false}