{"cameraMode":{"drawMode":0,"name":"Shaded","section":"Shading Mode"},"sceneLighting":false,"audioPlay":false,"sceneViewState":{"showFog":true,"showMaterialUpdate":false,"showSkybox":false,"showFlares":true,"showImageEffects":true,"showParticleSystems":true},"in2DMode":false,"pivot":{"x":1.0546374320983887,"y":-1.3087897300720215,"z":10.204573631286621},"rotation":{"x":-0.3191119432449341,"y":-0.5398746728897095,"z":0.23162083327770234,"w":-0.7437047362327576},"size":3.431971549987793,"orthographic":false}