{"cameraMode":{"drawMode":0,"name":"Shaded","section":"Shading Mode"},"sceneLighting":true,"audioPlay":false,"sceneViewState":{"showFog":true,"showMaterialUpdate":false,"showSkybox":false,"showFlares":true,"showImageEffects":true,"showParticleSystems":true},"in2DMode":false,"pivot":{"x":-25.422035217285158,"y":-5.225255966186523,"z":-0.9335010051727295},"rotation":{"x":0.3146700859069824,"y":-0.6035897135734558,"z":0.2807481586933136,"w":0.6767001152038574},"size":13.150485038757325,"orthographic":false}