{"cameraMode":{"drawMode":0,"name":"Shaded","section":"Shading Mode"},"sceneLighting":false,"audioPlay":false,"sceneViewState":{"showFog":true,"showMaterialUpdate":false,"showSkybox":false,"showFlares":true,"showImageEffects":true,"showParticleSystems":true},"in2DMode":false,"pivot":{"x":-5.071769714355469,"y":5.110243797302246,"z":-1.249749779701233},"rotation":{"x":-0.17068545520305634,"y":-0.6449204683303833,"z":0.1508554071187973,"w":-0.7295408844947815},"size":2.724745035171509,"orthographic":false}