{"cameraMode":{"drawMode":0,"name":"Shaded","section":"Shading Mode"},"sceneLighting":false,"audioPlay":false,"sceneViewState":{"showFog":true,"showMaterialUpdate":false,"showSkybox":false,"showFlares":true,"showImageEffects":true,"showParticleSystems":true,"showVisualEffectGraphs":true,"m_FxEnabled":false},"in2DMode":false,"pivot":{"x":21.403945922851564,"y":5.170426845550537,"z":-52.629547119140628},"rotation":{"x":0.006723685190081596,"y":-0.9999595880508423,"z":0.03306812420487404,"w":0.07482509315013886},"size":6.688420295715332,"orthographic":false}