{"cameraMode":{"drawMode":0,"name":"Shaded","section":"Shading Mode"},"sceneLighting":true,"audioPlay":false,"sceneViewState":{"showFog":true,"showMaterialUpdate":false,"showSkybox":false,"showFlares":true,"showImageEffects":true,"showParticleSystems":true,"showVisualEffectGraphs":true,"m_FxEnabled":true},"in2DMode":false,"pivot":{"x":29.139999389648439,"y":1.0200002193450928,"z":-69.81193542480469},"rotation":{"x":0.18075427412986756,"y":-0.16504259407520295,"z":0.03435418754816055,"w":0.9700820446014404},"size":15.010412216186524,"orthographic":false}