{"cameraMode":{"drawMode":0,"name":"Shaded","section":"Shading Mode"},"sceneLighting":false,"audioPlay":false,"sceneViewState":{"showFog":true,"showMaterialUpdate":false,"showSkybox":false,"showFlares":true,"showImageEffects":true,"showParticleSystems":true,"showVisualEffectGraphs":true,"m_FxEnabled":false},"in2DMode":false,"pivot":{"x":-115.32064819335938,"y":3.7829818725585939,"z":33.334625244140628},"rotation":{"x":-0.046084485948085788,"y":-0.9696075320243836,"z":0.14325666427612306,"w":-0.20020617544651032},"size":81.99742126464844,"orthographic":false}