{"cameraMode":{"drawMode":0,"name":"Shaded","section":"Shading Mode"},"sceneLighting":true,"audioPlay":false,"sceneViewState":{"showFog":true,"showMaterialUpdate":false,"showSkybox":false,"showFlares":true,"showImageEffects":true,"showParticleSystems":true,"showVisualEffectGraphs":true,"m_FxEnabled":true},"in2DMode":false,"pivot":{"x":-0.4818763732910156,"y":2.6071600914001467,"z":3.5845723152160646},"rotation":{"x":0.24751286208629609,"y":-0.26518747210502627,"z":0.07458765059709549,"w":0.9294676780700684},"size":3.373920202255249,"orthographic":false}