{"cameraMode":{"drawMode":0,"name":"Shaded","section":"Shading Mode"},"sceneLighting":false,"audioPlay":false,"sceneViewState":{"showFog":true,"showMaterialUpdate":false,"showSkybox":false,"showFlares":true,"showImageEffects":true,"showParticleSystems":true,"showVisualEffectGraphs":true,"m_FxEnabled":false},"in2DMode":false,"pivot":{"x":211.83445739746095,"y":20.039535522460939,"z":-123.07162475585938},"rotation":{"x":-0.02258894219994545,"y":-0.9999604821205139,"z":0.0012052493402734399,"w":0.05108356475830078},"size":2.581270694732666,"orthographic":false}