{"cameraMode":{"drawMode":0,"name":"Shaded","section":"Shading Mode"},"sceneLighting":true,"audioPlay":false,"sceneViewState":{"showFog":true,"showMaterialUpdate":false,"showSkybox":false,"showFlares":true,"showImageEffects":true,"showParticleSystems":true,"showVisualEffectGraphs":true,"m_FxEnabled":false},"in2DMode":false,"pivot":{"x":204.06887817382813,"y":18.490297317504884,"z":-98.71431732177735},"rotation":{"x":-0.008505560457706452,"y":0.9906870126724243,"z":-0.11493096500635147,"w":-0.07293740659952164},"size":0.11077386140823364,"orthographic":false}