{"cameraMode":{"drawMode":0,"name":"Shaded","section":"Shading Mode"},"sceneLighting":true,"audioPlay":false,"sceneViewState":{"showFog":true,"showMaterialUpdate":false,"showSkybox":false,"showFlares":true,"showImageEffects":true,"showParticleSystems":true,"showVisualEffectGraphs":true,"m_FxEnabled":false},"in2DMode":false,"pivot":{"x":233.90780639648438,"y":54.685157775878909,"z":-317.80328369140627},"rotation":{"x":-0.16016659140586854,"y":-0.04202932119369507,"z":-0.0012853910448029638,"w":-0.9872363805770874},"size":3.796875238418579,"orthographic":false}