{"cameraMode":{"drawMode":0,"name":"Shaded","section":"Shading Mode"},"sceneLighting":false,"audioPlay":false,"sceneViewState":{"showFog":true,"showMaterialUpdate":false,"showSkybox":false,"showFlares":true,"showImageEffects":true,"showParticleSystems":true,"showVisualEffectGraphs":true,"m_FxEnabled":true},"in2DMode":false,"pivot":{"x":29.168346405029298,"y":15.884636878967286,"z":-141.73971557617188},"rotation":{"x":0.06903582811355591,"y":-0.5823211669921875,"z":0.05352001637220383,"w":0.8095813989639282},"size":16.513126373291017,"orthographic":false}