{"cameraMode":{"drawMode":0,"name":"Shaded","section":"Shading Mode"},"sceneLighting":false,"audioPlay":false,"sceneViewState":{"showFog":true,"showMaterialUpdate":false,"showSkybox":false,"showFlares":true,"showImageEffects":true,"showParticleSystems":true,"showVisualEffectGraphs":true,"m_FxEnabled":true},"in2DMode":false,"pivot":{"x":-279.344970703125,"y":1.8545496463775635,"z":201.11306762695313},"rotation":{"x":-0.0034094294533133508,"y":-1.0003339052200318,"z":0.005979359149932861,"w":-0.007035199552774429},"size":1.7728327512741089,"orthographic":false}