{"cameraMode":{"drawMode":0,"name":"Shaded","section":"Shading Mode"},"sceneLighting":false,"audioPlay":false,"sceneViewState":{"showFog":true,"showMaterialUpdate":false,"showSkybox":false,"showFlares":true,"showImageEffects":true,"showParticleSystems":true,"showVisualEffectGraphs":true,"m_FxEnabled":true},"in2DMode":false,"pivot":{"x":22.790000915527345,"y":-0.5029997825622559,"z":8.43549919128418},"rotation":{"x":0.24794763326644898,"y":-0.048015449196100238,"z":0.012901716865599156,"w":0.9678969383239746},"size":5.259145736694336,"orthographic":false}